<?xml version="1.0" encoding="utf-8"?>
<dleplugin>
	<name>advanced-mobile-templates-switch</name>
	<description>Выбор шаблонов для iphone, ipad и android. 
advanced mobile templates switch (AMTS-tcse) расширенный переключатель мобильных шаблонов</description>
	<icon>engine/skins/images/amts.png</icon>
	<version>0.4.1</version>
	<dleversion>14</dleversion>
	<versioncompare>greater</versioncompare>
	<upgradeurl></upgradeurl>
	<filedelete>0</filedelete>
  <mnotice>1</mnotice>
	<mysqlinstall><![CDATA[]]></mysqlinstall>
	<mysqlupgrade><![CDATA[]]></mysqlupgrade>
	<mysqlenable><![CDATA[]]></mysqlenable>
	<mysqldisable><![CDATA[]]></mysqldisable>
	<mysqldelete><![CDATA[]]></mysqldelete>
  <notice><![CDATA[
    Модуль AMTS-tcse работает только если в админке вашего сайта (Раздел: Настройка системы -> Настройка поддержки и работы с смартфонами) активирована функция "Включить автоматическую поддержку смартфонов".

    Принудительное переключение шаблона - добавить в ваши tpl файлы следующий html код 

[code]<a href="/index.php?mobtpl=pc" title="Включить стандартный шаблон">ПК</a>
<a href="/index.php?mobtpl=iphone" title="Включить шаблон для iPhone">iPhone</a> 
<a href="/index.php?mobtpl=android" title="Включить шаблон для Android OS">android</a> 
<a href="/index.php?mobtpl=ipad" title="Включить шаблон для Ipad">iPad</a> 
<a href="/index.php?mobtpl=reset" title="Сбросить настройки шаблонов">Сбросить</a>[/code]

Официальная страница плагина [url]https://tcse-cms.com/works/1210-amts-tcse.html[/url] 

]]></notice>
	<file name="engine/modules/functions.php">
		<operation action="before">
			<searchcode><![CDATA[?>]]></searchcode>
			<replacecode><![CDATA[// MobTPL fix mobiledetect.net 2019
  function check_device_std() {
    global $tpl;
    
    if(!empty($_GET['mobtpl'])){
      if($_GET['mobtpl']=='iphone'){ $_SESSION['mobtpl']='iphone'; return 'iphone';}
      else if($_GET['mobtpl']=='android'){ $_SESSION['mobtpl']='android'; return 'android';}
      else if($_GET['mobtpl']=='ipad'){ $_SESSION['mobtpl']='ipad'; return 'ipad';}
      else if($_GET['mobtpl']=='pc'){ $_SESSION['mobtpl']='pc'; return 'pc';}
      else if($_GET['mobtpl']=='reset'){ unset($_SESSION['mobtpl']);}
    }else{
      if(!empty($_SESSION['mobtpl'])){
      if($_SESSION['mobtpl']=='iphone') return 'iphone';
      else if($_SESSION['mobtpl']=='android') return 'android';
      else if($_SESSION['mobtpl']=='ipad') return 'ipad';
      else if($_SESSION['mobtpl']=='pc') return 'pc';
      }
    }
    if ( $tpl->ipad ) return 'ipad';
    if ( $tpl->iphone ) return 'iphone';
    if ( $tpl->android ) return 'android';
  }
  // .MobTPL fix mobiledetect.net]]></replacecode>
		</operation>
	</file>
	<file name="engine/init.php">
		<operation action="replace">
			<searchcode><![CDATA[if ( ($config['allow_smartphone'] AND !$_SESSION['mobile_disable'] AND $tpl->smartphone) OR $_SESSION['mobile_enable'] ) {

  if ( @is_dir ( ROOT_DIR . '/templates/smartphone' ) ) {

    $config['skin'] = "smartphone";
    $smartphone_detected = true;
    
    if( $config['allow_comments_wysiwyg'] > 0 ) $config['allow_comments_wysiwyg'] = 0;

  }

}]]></searchcode>
			<replacecode><![CDATA[// MobTPL fix mobiledetect.net
  if ( $config['allow_smartphone'] ) {
      $smartphone_detected = $_SESSION['mobile_disable'] = $_SESSION['mobile_enable'] = false;
      $device=check_device_std();
      
      if ( $device == 'ipad' && @is_dir ( ROOT_DIR . '/templates/mobile-ipad' ) ) {
        $config['skin'] = "mobile-ipad";
        $smartphone_detected = true;
        $config['allow_comments_wysiwyg'] = 0;
      }
    elseif ( $device == 'iphone' && @is_dir ( ROOT_DIR . '/templates/mobile-iphone' ) ) {
        $config['skin'] = "mobile-iphone";
        $smartphone_detected = true;
        $config['allow_comments_wysiwyg'] = 0;
      } 
    elseif ( $device == 'android' && @is_dir ( ROOT_DIR . '/templates/mobile-android' ) ) {
        $config['skin'] = "mobile-android";
        $smartphone_detected = true;
        $config['allow_comments_wysiwyg'] = 0;
      }
  }
  // .MobTPL fix mobiledetect.net]]></replacecode>
		</operation>
	</file>
</dleplugin>
